<?xml version="1.0" encoding="UTF-8"?>
<ArchiveDocument xmlns="urn:example:archive">
    <DocumentType>Invoice</DocumentType>
    <DocumentNumber>2024/001</DocumentNumber>
    <IssueDate>2024-09-10</IssueDate>
    <Supplier>
        <Name>Firma A</Name>
        <TaxNumber>1234567890</TaxNumber>
        <Address>
            <Street>Örnek Cadde</Street>
            <City>İstanbul</City>
            <PostalCode>34000</PostalCode>
            <Country>TR</Country>
        </Address>
    </Supplier>
    <Customer>
        <Name>Müşteri B</Name>
        <TaxNumber>0987654321</TaxNumber>
        <Address>
            <Street>Örnek Sokak</Street>
            <City>Ankara</City>
            <PostalCode>06000</PostalCode>
            <Country>TR</Country>
        </Address>
    </Customer>
    <Items>
        <Item>
            <Description>Ürün X</Description>
            <Quantity>10</Quantity>
            <UnitPrice currency="TRY">100.00</UnitPrice>
            <TotalPrice currency="TRY">1000.00</TotalPrice>
        </Item>
    </Items>
    <Total>
        <Amount currency="TRY">1000.00</Amount>
    </Total>
</ArchiveDocument>